address,currency,source,list,date
TNiq9AXBp9EjUqhDhrwrfvAA8U3GUQZH81,TRX,ofac_sdn,OFAC-SDN,2026-09-18
TTiDLWE6fZK8okMJv6ijg42yrH6W2pjSr9,TRX,ofac_sdn,OFAC-SDN,2026-09-18
TAhwhFv3JpK39Nc2m8W5LPCcoTisutiRfp,TRX,ofac_sdn,OFAC-SDN,2026-09-18
TJdgB1k6ot3f2nLuZug6D8eD3HavTmzmSK,TRX,ofac_sdn,OFAC-SDN,2026-09-18
TXGHxdYbGy574z5hBu4LNzq9NzjZQ9bhUf,TRX,ofac_sdn,OFAC-SDN,2026-09-18
TFQbqaNbmq2xsVor2NbufLkYZvxFC9wC7k,TRX,ofac_sdn,OFAC-SDN,2026-09-18
44dZUJ7w1T3fKAvFW8XyXUVoAGSbFvXef2wcbnsjNKGWYorpLJBjth5VKSFhLGkpYKJb2J341tdZHBnbpv72WL7e8zuxfR2,XMR,ofac_sdn,OFAC-SDN,2026-09-18
45ezvPejNsKYntjhyyeb7fbfzi1sxYQozc5Ffseh8jPGW4JZQQVXykNTfK5uGFiij7Hp3qPv3T5HCR7F3Fnmz2mzE1aKQwo,XMR,ofac_sdn,OFAC-SDN,2026-09-18
47FVhkRkWgnLs81UBqgY8ui6axAB1627HJjkY2qPnWxMbGfx7387kcY6RzScHgGMQAaH6CBxKXAS4862tS2fhs9BRdmuyav,XMR,ofac_sdn,OFAC-SDN,2026-09-18
TUoixKFaWVsHxGWgnYyMzpkrT22YqU7VvH,TRX,ofac_sdn,OFAC-SDN,2026-09-18
TBtRqkiFzyuwe8nSAGQghxygAfwAF5eERq,TRX,ofac_sdn,OFAC-SDN,2026-09-18
TTs7KRq39547ruAsxb9brAPuTLy7h3U6H1,TRX,ofac_sdn,OFAC-SDN,2026-09-18
TVttWTHTCU9kULP51m9BaHpmCW8H1BJJNQ,TRX,ofac_sdn,OFAC-SDN,2026-09-18
TCqKhk7MpPnGH3UfygE1TRzUo92a5tuVy6,TRX,ofac_sdn,OFAC-SDN,2026-09-18
TSbGiFzG9xFXUYgGA6Rw,TRX,ofac_sdn,OFAC-SDN,2026-09-18
TA3941uFAvmVibSkQ6fMJXxmaSNovX86mz,USDT,ofac_sdn,OFAC-SDN,2026-09-18
TA39q3p75XRSWYAEaSF7dANtyksoa3sLge,USDT,ofac_sdn,OFAC-SDN,2026-09-18
TBATDh41qMQ1yeVYecneEvhpfayYmkAQWS,USDT,ofac_sdn,OFAC-SDN,2026-09-18
TBwghbQMsBC5xcUxE7ZpYXhfDMXZAfiFv6,USDT,ofac_sdn,OFAC-SDN,2026-09-18
TBWRDpQsW1ZVPGGaBAwVLNb7iqmVBuM1nj,USDT,ofac_sdn,OFAC-SDN,2026-09-18
TBYRhsZR7Mdn9ezpGVLwZiNVnGm8wZGLAD,USDT,ofac_sdn,OFAC-SDN,2026-09-18
TBZefVsyQpzzxc2WSCLbZBECvxVdzGqdtC,USDT,ofac_sdn,OFAC-SDN,2026-09-18
TC5UNu3LGrjjVCuLNDdVgjm4oL5cQAyFRZ,USDT,ofac_sdn,OFAC-SDN,2026-09-18
TCA7AfTSuDmgYk2VaezfPuZF4Z4X8wxwcQ,USDT,ofac_sdn,OFAC-SDN,2026-09-18
TDNKsLvsY2iSznyghddXz7ZDRc,USDT,ofac_sdn,OFAC-SDN,2026-09-18
12aNKp2iDKuhEde2YfPdd4DFGenRUTKupL,BTC,ofac_sdn,OFAC-SDN,2026-09-18
0x252a8bd2319d8a555b872990601221b3a2053bce,ETH,ofac_sdn,OFAC-SDN,2026-09-18
0x1CAb8177ACe78b1B6B1c393371F4f2dCAE40CbEB,ETH,ofac_sdn,OFAC-SDN,2026-09-18
0x6Fac4D18c912343BF86fa7049364Dd4E424Ab9C0,ETH,ofac_sdn,OFAC-SDN,2026-09-18
0xA40cFBFc8534FFC84E20a7d8bBC3729B26a35F6f,ETH,ofac_sdn,OFAC-SDN,2026-09-18
0x7F03679B56d8772530EFA516b58Bb83d4829E881,ETH,ofac_sdn,OFAC-SDN,2026-09-18
0x8ac5381FCD9e7395D14e02986c344aADA84B4bC6,ETH,ofac_sdn,OFAC-SDN,2026-09-18
12QtD5BFwRsdNsAZY76UVE1xyCGNTojH9h,BTC,ofac_sdn,OFAC-SDN,2026-09-18
1Kuf2Rd8mDyAViwBozGTNYnvWL8uYFrkVo,BTC,ofac_sdn,OFAC-SDN,2026-09-18
13f59kUM5FU8MfTG7DCEugYarDhSD7XCoC,BTC,ofac_sdn,OFAC-SDN,2026-09-18
1P3ZfGFLezzYGg9k5SVzQmnjyh7nrUmF2y,BTC,ofac_sdn,OFAC-SDN,2026-09-18
1EpMiZkQVekM5ij12nMiEwttFPcDK9XhX6,BTC,ofac_sdn,OFAC-SDN,2026-09-18
1JREJdZupiFhE7ZzQPtASuMCvvpXC7wRsC,BTC,ofac_sdn,OFAC-SDN,2026-09-18
149w62rY42aZBox8fGcmqNsXUzSStKeq8C,BTC,ofac_sdn,OFAC-SDN,2026-09-18
1AjZPMsnmpdK2Rv9KQNfMurTXinscVro9V,BTC,ofac_sdn,OFAC-SDN,2026-09-18
17ezuJoT3XBbdcwFZbkTnrXbup11F4uhiy,BTC,ofac_sdn,OFAC-SDN,2026-09-18
1DH2xDH7TngrDU6LXciprKCBKNcPA1xX8A,BTC,ofac_sdn,OFAC-SDN,2026-09-18
33Kja69SQVc8kozpoP7Qw6HFtGxHkiWzTz,BTC,ofac_sdn,OFAC-SDN,2026-09-18
3MkUNScqf21EcfWq6T4x2MFgBeSTqhB5t6,BTC,ofac_sdn,OFAC-SDN,2026-09-18
18uKfaUjgG52rVeXEi3wxnveww7zZuECtE,BTC,ofac_sdn,OFAC-SDN,2026-09-18
LaizKtS5DUhPuP1nTQcc83MS7HwK6vk85z,LTC,ofac_sdn,OFAC-SDN,2026-09-18
0x098B716B8Aaf21512996dC57EB0615e2383E2f96,ETH,ofac_sdn,OFAC-SDN,2026-09-18
0xa0e1c89Ef1a489c9C7dE96311eD5Ce5D32c20E4B,ETH,ofac_sdn,OFAC-SDN,2026-09-18
0x3Cffd56B47B7b41c56258D9C7731ABaDc360E073,ETH,ofac_sdn,OFAC-SDN,2026-09-18
0x53b6936513e738f44FB50d2b9476730C0Ab3Bfc1,ETH,ofac_sdn,OFAC-SDN,2026-09-18
0x35fB6f6DB4fb05e6A4cE86f2C93691425626d4b1,ETH,ofac_sdn,OFAC-SDN,2026-09-18
0xF7B31119c2682c88d88D455dBb9d5932c65Cf1bE,ETH,ofac_sdn,OFAC-SDN,2026-09-18
0x3e37627dEAA754090fBFbb8bd226c1CE66D255e9,ETH,ofac_sdn,OFAC-SDN,2026-09-18
0x08723392Ed15743cc38513C4925f5e6be5c17243,ETH,ofac_sdn,OFAC-SDN,2026-09-18
134r8iHv69xdT6p5qVKTsHrcUEuBVZAYak,BTC,ofac_sdn,OFAC-SDN,2026-09-18
15YK647qtoZQDzNrvY6HJL6QwXduLHfT28,BTC,ofac_sdn,OFAC-SDN,2026-09-18
1PfwHNxUnkpfkK9MKjMqzR3Xq3KCtq9u17,BTC,ofac_sdn,OFAC-SDN,2026-09-18
14kqryJUxM3a7aEi117KX9hoLUw592WsMR,BTC,ofac_sdn,OFAC-SDN,2026-09-18
1F2Gdug9ib9NQMhKMGGJczzMk5SuENoqrp,BTC,ofac_sdn,OFAC-SDN,2026-09-18
3F2sZ4jbhvDKQdGbHYPC6ZxFXEau2m5Lqj,BTC,ofac_sdn,OFAC-SDN,2026-09-18
1AXUTu9y3H8w4wYx4BjyFWgRhZKDhmcMrn,BTC,ofac_sdn,OFAC-SDN,2026-09-18
1Hn9ErTCPRP6j5UDBeuXPGuq5RtRjFJxJQ,BTC,ofac_sdn,OFAC-SDN,2026-09-18
1EfMVkxQQuZfBdocpJu6RUsCJvenQWbQyE,BTC,ofac_sdn,OFAC-SDN,2026-09-18
17UVSMegvrzfobKC82dHXpZLtLcqzW9stF,BTC,ofac_sdn,OFAC-SDN,2026-09-18
39eboeqYNFe2VoLC3mUGx4dh6GNhLB3D2q,BTC,ofac_sdn,OFAC-SDN,2026-09-18
39fhoB2DohisGBbHvvfmkdPdShT75CNHdX,BTC,ofac_sdn,OFAC-SDN,2026-09-18
3E6rY4dSCDW6y2bzJNwrjvTtdmMQjB6yeh,BTC,ofac_sdn,OFAC-SDN,2026-09-18
3EeR8FbcPbkcGj77D6ttneJxmsr3Nu7KGV,BTC,ofac_sdn,OFAC-SDN,2026-09-18
3HQRveQzPifZorZLDXHernc5zjoZax8U9f,BTC,ofac_sdn,OFAC-SDN,2026-09-18
3JXKQ81JzBqVbB8VHdV9Jtd7auWokkdPgY,BTC,ofac_sdn,OFAC-SDN,2026-09-18
3KHfXU24Bt3YD5Ef4J7uNp2buCuhrxfGen,BTC,ofac_sdn,OFAC-SDN,2026-09-18
3LbDu1rUXHNyiz4i8eb3KwkSSBMf7C583D,BTC,ofac_sdn,OFAC-SDN,2026-09-18
3MN8nYo1tt5hLxMwMbxDkXWd7Xu522hb9P,BTC,ofac_sdn,OFAC-SDN,2026-09-18
3N6WeZ6i34taX8Ditser6LKWBcXmt2XXL4,BTC,ofac_sdn,OFAC-SDN,2026-09-18
1Q9UAQbcDezmyouFrzt94t4dSMxgsUfW1X,BTC,ofac_sdn,OFAC-SDN,2026-09-18
1Kys8fqDen8NGFUJ6AFcXfFW5qquuTH4eh,BTC,ofac_sdn,OFAC-SDN,2026-09-18
0x7F367cC41522cE07553e823bf3be79A889DEbe1B,ETH,ofac_sdn,OFAC-SDN,2026-09-18
1Q6saNmqKkyFB9mFR68Ck8F7Dp7dTopF2W,BTC,ofac_sdn,OFAC-SDN,2026-09-18
1DDA93oZPn7wte2eR1ABwcFoxUFxkKMwCf,BTC,ofac_sdn,OFAC-SDN,2026-09-18
0xd882cfc20f52f2599d84b8e8d58c7fb62cfe344b,ETH,ofac_sdn,OFAC-SDN,2026-09-18
5be5543ff73456ab9f2d207887e2af87322c651ea1a873c5b25b7ffae456c320,XMR,ofac_sdn,OFAC-SDN,2026-09-18
LNwgtMxcKUQ51dw7bQL1yPQjBVZh6QEqsd,LTC,ofac_sdn,OFAC-SDN,2026-09-18
t1g7wowvQ8gn2v8jrU1biyJ26sieNqNsBJy,ZEC,ofac_sdn,OFAC-SDN,2026-09-18
XnPFsRWTaSgiVauosEwQ6dEitGYXgwznz2,DASH,ofac_sdn,OFAC-SDN,2026-09-18
GPwg61XoHqQPNmAucFACuQ5H9sGCDv9TpS,BTG,ofac_sdn,OFAC-SDN,2026-09-18
12udabs2TkX7NXCSj6KpqXfakjE52ZPLhz,BTC,ofac_sdn,OFAC-SDN,2026-09-18
1DT3tenf14cxz9WFNxmYrXFbB6TFiVWA9U,BTC,ofac_sdn,OFAC-SDN,2026-09-18
0x901bb9583b24d97e995513c6778dc6888ab6870e,ETH,ofac_sdn,OFAC-SDN,2026-09-18
0xa7e5d5a720f06526557c513402f2e6b5fa20b008,ETH,ofac_sdn,OFAC-SDN,2026-09-18
Leo3j36nn1JcsUQruytQhFUdCdCH5YHMR3,LTC,ofac_sdn,OFAC-SDN,2026-09-18
Xs3vzQmNvAxRa3Xo8XzQqUb3BMgb9EogF4,DASH,ofac_sdn,OFAC-SDN,2026-09-18
1Fz29BQp82pE3vXXcsZoMNQ3KSHfMzfMe3,BTC,ofac_sdn,OFAC-SDN,2026-09-18
1AeSq93WDNdLoEJ92sex7T8xQZoYYm8BtS,BTC,ofac_sdn,OFAC-SDN,2026-09-18
1AoxtfiBQ22DvbhqAN9Ctb8sULMRhrdwTr,BTC,ofac_sdn,OFAC-SDN,2026-09-18
18Qj1THHuETfYhuRDZycXJbWwDMGw73Poa,BTC,ofac_sdn,OFAC-SDN,2026-09-18
1MnbhWe5wr7Ut45ReyQsm96PwnM9jD7KaH,BTC,ofac_sdn,OFAC-SDN,2026-09-18
1DYFJ6CuBvrxyoQSuBzVsNcetY9tvdsrag,BTC,ofac_sdn,OFAC-SDN,2026-09-18
15Pt4NwZaUmMUwS2bQbyyncc7mzgWShtv8,BTC,ofac_sdn,OFAC-SDN,2026-09-18
1PhqQpaGCrqSxQ6QDXcv14QCd1U98Zp34E,BTC,ofac_sdn,OFAC-SDN,2026-09-18
13YBQr2Cp1YY3xqq2qngaPb7ca1o4ugeq6,BTC,ofac_sdn,OFAC-SDN,2026-09-18
1KgudqxMfYaGzqAA7MS4DcsqejtMteqhix,BTC,ofac_sdn,OFAC-SDN,2026-09-18
1FRyL9gmFGbzfYDAB4iY9836DJe3KSnjP9,BTC,ofac_sdn,OFAC-SDN,2026-09-18
1DbShx4r8i2XesthoDBf5EkYWz5dsKEusV,BTC,ofac_sdn,OFAC-SDN,2026-09-18
1NE2NiGhhbkFPSEyNWwj7hKGhGDedBtSrQ,BTC,ofac_sdn,OFAC-SDN,2026-09-18
19D8PHBjZH29uS1uPZ4m3sVyqqfF8UFG9o,BTC,ofac_sdn,OFAC-SDN,2026-09-18
1EYitrwBYNWuTBcjZFbEUdqHppe2raLpaF,BTC,ofac_sdn,OFAC-SDN,2026-09-18
1G9CKRHA3mx22DoT1QyNYrh85VSQ19Y1em,BTC,ofac_sdn,OFAC-SDN,2026-09-18
182NGZbPJXwg2WDrhrPpR7tpiGQkNPF844,BTC,ofac_sdn,OFAC-SDN,2026-09-18
1NayLEVF3bEEbDtdF2Cwso1VdEtvVNh2qX,BTC,ofac_sdn,OFAC-SDN,2026-09-18
16PhXY3hNNMTo8kpuJx2emh713KbWpkqci,BTC,ofac_sdn,OFAC-SDN,2026-09-18
1Gq,BTC,ofac_sdn,OFAC-SDN,2026-09-18
1KSAbh5trMCTZwhiNsuUQvfTtSSTT8zqRk,BTC,ofac_sdn,OFAC-SDN,2026-09-18
1BiUFjzH6wsT73U3tfy4aXHCQsYQHzjk5h,BTC,ofac_sdn,OFAC-SDN,2026-09-18
LeKvNdNEzgQkzVVnRdV3fAu2DSF1nLsNw6,LTC,ofac_sdn,OFAC-SDN,2026-09-18
DFFJhnQNZf8rf67tYnesPu7MuGUpYtzv7Z,XVG,ofac_sdn,OFAC-SDN,2026-09-18
t1MMXtBrSp1XG38Lx9cePcNUCJj5vdWfUWL,ZEC,ofac_sdn,OFAC-SDN,2026-09-18
XyARKoupuArYtToA2S6yMdnoquDCDaBsaT,DASH,ofac_sdn,OFAC-SDN,2026-09-18
3Gbs4rjcVUtQd8p3CiFUCxPLZwRqurezRZ,BTC,ofac_sdn,OFAC-SDN,2026-09-18
bc1qv7k70u2zynvem59u88ctdlaw7hc735d8xep9rq,BTC,ofac_sdn,OFAC-SDN,2026-09-18
bc1qw4cxpe6sxa5dg6sdwxjph959cw6yztrzl4r54s,BTC,ofac_sdn,OFAC-SDN,2026-09-18
0x9f4cda013e354b8fc285bf4b9a60460cee7f7ea9,ETH,ofac_sdn,OFAC-SDN,2026-09-18
0x3cbded43efdaf0fc77b9c55f6fc9988fcc9b757d,ETH,ofac_sdn,OFAC-SDN,2026-09-18
884Bz8UH63aYsjVdkfWfScRYWZGGNbjFL7pztqvWNSrtYT4reFSwyvkCj9KEGUtheHhhMUj87ciTBFyzoesrMJ4L1FvSoxL,XMR,ofac_sdn,OFAC-SDN,2026-09-18
49HqitRzdnhYjgTEAhgGpCfsjdTeMbUTU6cyR4JV1R7k2Eej9rGT8JpFiYDa4tZM6RZiFrHmMzgSrhHEqpDYKBe5B2ufNsL,XMR,ofac_sdn,OFAC-SDN,2026-09-18
qpf2cphc5dkuclkqur7lhj2yuqq9pk3hmukle77vhq,BCH,ofac_sdn,OFAC-SDN,2026-09-18
qzjv8hrdvz6edu4gkzpnd4w6jc7zf296g5e9kkq4lx,BCH,ofac_sdn,OFAC-SDN,2026-09-18
TLNRT524dzL5FF1nJHDhYEMFpeWjLjRbz1,USDT,ofac_sdn,OFAC-SDN,2026-09-18
THh5woR8qfmDsNknQ3agPYzQSiRtMnKsTh,USDT,ofac_sdn,OFAC-SDN,2026-09-18
TV5ZTpKDszLTF6XcMnPongS33pwBgF91by,USDT,ofac_sdn,OFAC-SDN,2026-09-18
TTAHMdqoom4f2VTWniroPWQHcTRZ4caoH4,USDT,ofac_sdn,OFAC-SDN,2026-09-18
TFFvv7NAWmbcVfA7QN81mMvUC25TWj1WJx,USDT,ofac_sdn,OFAC-SDN,2026-09-18
1JPfVv5cWRLx1js9NWxg46dG2CGbeRz4th,BTC,ofac_sdn,OFAC-SDN,2026-09-18
12HQDsicffSBaYdJ6BhnE22sfjTESmmzKx,BTC,ofac_sdn,OFAC-SDN,2026-09-18
1L4ncif9hh9TnUveqWq77HfWWt6CJWtrnb,BTC,ofac_sdn,OFAC-SDN,2026-09-18
13mnk8SvDGqsQTHbiGiHBXqtaQCUKfcsnP,BTC,ofac_sdn,OFAC-SDN,2026-09-18
1Edue8XZCWNoDBNZgnQkCCivDyr9GEo4x6,BTC,ofac_sdn,OFAC-SDN,2026-09-18
1ECeZBxCVJ8Wm2JSN3Cyc6rge2gnvD3W5K,BTC,ofac_sdn,OFAC-SDN,2026-09-18
1J9oGoAiHeRfeMZeUnJ9W7RpV55CdKtgYE,BTC,ofac_sdn,OFAC-SDN,2026-09-18
1295rkVyNfFpqZpXvKGhDqwhP1jZcNNDMV,BTC,ofac_sdn,OFAC-SDN,2026-09-18
1LiNmTUPSJEd92ZgVJjAV3RT9BzUjvUCkx,BTC,ofac_sdn,OFAC-SDN,2026-09-18
1LrxsRd7zNuxPJcL5rttnoeJFy1y4AffYY,BTC,ofac_sdn,OFAC-SDN,2026-09-18
1KUUJPkyDhamZXgpsyXqNGc3x1QPXtdhgz,BTC,ofac_sdn,OFAC-SDN,2026-09-18
1CF46Rfbp97absrs7zb7dFfZS6qBXUm9EP,BTC,ofac_sdn,OFAC-SDN,2026-09-18
1Df883c96LVauVsx9FEgnsourD8DELwCUQ,BTC,ofac_sdn,OFAC-SDN,2026-09-18
bc1qdt3gml5z5n50y5hm04u2yjdphefkm0fl2zdj68,BTC,ofac_sdn,OFAC-SDN,2026-09-18
1B64QRxf,BTC,ofac_sdn,OFAC-SDN,2026-09-18
3E7YbpXuhh3CWFks1jmvWoV8y5DvsfzE6n,BTC,ofac_sdn,OFAC-SDN,2026-09-18
3NRJ8aXdUiZdHaiFX9ePX3DhGHzcEi14Fq,BTC,ofac_sdn,OFAC-SDN,2026-09-18
3K7PMJyMNVnxqsfpmK9r9nJDtzDw9wNwNV,BTC,ofac_sdn,OFAC-SDN,2026-09-18
3H3rh85qPaGLy2w6618yZNaH7i8asHv46B,BTC,ofac_sdn,OFAC-SDN,2026-09-18
3MTrJTFhYK9v1C6pjHtuweZSopfZa4b1wb,BTC,ofac_sdn,OFAC-SDN,2026-09-18
347QFbejDBdMZFTxpmn6evvvqyXiqZTCd7,BTC,ofac_sdn,OFAC-SDN,2026-09-18
33xWfziVZesgo83U5izdNCBVTnrtBpSwK7,BTC,ofac_sdn,OFAC-SDN,2026-09-18
32wdqwX3zCEX3DhAVEcKwXCEGdzgBnx1R9,BTC,ofac_sdn,OFAC-SDN,2026-09-18
3N9YcPBDky9UsMx1RTk33tL4jDkZfSnsPk,BTC,ofac_sdn,OFAC-SDN,2026-09-18
bc1q90zrdysy4flyacw7hsury3ajs9yzwtwp6guqpypx94w0d3p58hysvz6pde,BTC,ofac_sdn,OFAC-SDN,2026-09-18
bc1qw7vfgv3r5vnehafl0y95sclg3uqsj87wxs9ad628yjjcq33cwessr6ndyw,BTC,ofac_sdn,OFAC-SDN,2026-09-18
bc1q86tl9255vg5wldamfymaaz36uqxzm30gs7fhkljvzdlt9t38s3lqgdwdfq,BTC,ofac_sdn,OFAC-SDN,2026-09-18
3,BTC,ofac_sdn,OFAC-SDN,2026-09-18
158treVZBGMBThoaympxccPdZPtqUfYrT9,BTC,ofac_sdn,OFAC-SDN,2026-09-18
389Sft4nJFkPGhbagk9FN4jXncA9piYTuU,BTC,ofac_sdn,OFAC-SDN,2026-09-18
39Te8MbphSgs7npDJPj2hbNzhke61NTcnB,BTC,ofac_sdn,OFAC-SDN,2026-09-18
31p6woV4e55HUfC2aGynFhzQnGoJFW26cD,BTC,ofac_sdn,OFAC-SDN,2026-09-18
3DNsaQnaUz7wkQny1ZDSmtz6QfbEShxoDD,BTC,ofac_sdn,OFAC-SDN,2026-09-18
3AjyprBY5yhijiCjUC5NUJutGbwhd3AQdE,BTC,ofac_sdn,OFAC-SDN,2026-09-18
0xfec8a60023265364d066a1212fde3930f6ae8da7,USDT,ofac_sdn,OFAC-SDN,2026-09-18
35QpLWYkvD3ALhjbge5bK2kd7HfHYcDMu3,BTC,ofac_sdn,OFAC-SDN,2026-09-18
3NQ1aa9ceirMJ1JvRq3eXefvXj1L639fzX,BTC,ofac_sdn,OFAC-SDN,2026-09-18
3BsyZ7qRFSi3NsaoV1Ff724qAgrEpjVUHm,BTC,ofac_sdn,OFAC-SDN,2026-09-18
372Wk9NLrMkJzKgqJdatWJy4bYRfxFjgat,BTC,ofac_sdn,OFAC-SDN,2026-09-18
3Lpoy53K625zVeE47ZasiG5jGkAxJ27kh1,BTC,ofac_sdn,OFAC-SDN,2026-09-18
0x7FF9cFad3877F21d41Da833E2F775dB0569eE3D9,ETH,ofac_sdn,OFAC-SDN,2026-09-18
0x8Dce2aAC0dE82bdCAf6b4373B79f94331b8e4995,ETH,ofac_sdn,OFAC-SDN,2026-09-18
0xf4377edA661e04B6DDA78969796Ed31658D602D4,ETH,ofac_sdn,OFAC-SDN,2026-09-18
0xb338962B92CD818D6aef0A32a9ECD01212a71f33,ETH,ofac_sdn,OFAC-SDN,2026-09-18
0x57EC89A0C056163A0314e413320f9B3ABe761259,ETH,ofac_sdn,OFAC-SDN,2026-09-18
0xD8500C631dC32FA18645B7436344a99E4825e10e,ETH,ofac_sdn,OFAC-SDN,2026-09-18
0x7CEd75026204aC29C34bEA98905D4C949F27361e,ETH,ofac_sdn,OFAC-SDN,2026-09-18
3E6ZCKRrsdPc35chA9Eftp1h3DLW18NFNV,USDT,ofac_sdn,OFAC-SDN,2026-09-18
TFwjPScaJRCbSWVAywE1S1WgaU,TRX,ofac_sdn,OFAC-SDN,2026-09-18
3K4rjdh8A5yi6LWvft2rbmyZvqEbPSSSX4,BTC,ofac_sdn,OFAC-SDN,2026-09-18
17mhyeBX617ABZ1ffThhUTJkHUcMvCkfd5,BTC,ofac_sdn,OFAC-SDN,2026-09-18
35qwVtMEohWDdBWRiCSR7azoP5cbY8SG1Q,BTC,ofac_sdn,OFAC-SDN,2026-09-18
35KAdTa2vqnJzitF2xiUzZn1Gmcas2Y465,BTC,ofac_sdn,OFAC-SDN,2026-09-18
35LScRJ8hzDvvWh9t9UA8bHGnGNVz3YEfa,BTC,ofac_sdn,OFAC-SDN,2026-09-18
1PJp8diNa89cVHpiT1VPu7EQ8LxYM5HX6v,BTC,ofac_sdn,OFAC-SDN,2026-09-18
17V7THwHMiDJmDwZK4unhE5HgKFJKx7VCe,BTC,ofac_sdn,OFAC-SDN,2026-09-18
3PiCnZrBvGfWAKQ9hr4cCpfaDjy64yNSpE,BTC,ofac_sdn,OFAC-SDN,2026-09-18
14gM1HuLVDELNHaFU22qpabjtiWek4HhV1,BTC,ofac_sdn,OFAC-SDN,2026-09-18
1GYuu9d5HPikafbys3k5Q3DRJq6debGsoB,BTC,ofac_sdn,OFAC-SDN,2026-09-18
3GXdtA6kbb4M5aqzZm5qqxcFDFRMW8LqdJ,BTC,ofac_sdn,OFAC-SDN,2026-09-18
1B11Ezqg3AXj,BTC,ofac_sdn,OFAC-SDN,2026-09-18
3K35dyL85fR9ht7UgzPfd1gLRRXQtNTqE3,BTC,ofac_sdn,OFAC-SDN,2026-09-18
3Q5dGfLKkWqWSwYtbMUyc8xGjN5LrRviK4,BTC,ofac_sdn,OFAC-SDN,2026-09-18
3EPqGUw2q89pwPZ1UF8FJspE2AyojSTjdu,BTC,ofac_sdn,OFAC-SDN,2026-09-18
3LhnVMcBq4gsR7aDaRr9XmUo17CuYBV4FN,BTC,ofac_sdn,OFAC-SDN,2026-09-18
3F6bbvS1krsc1qR8FsbTDfYQyvkMm3QvmR,BTC,ofac_sdn,OFAC-SDN,2026-09-18
3JHMz3mTna1gVCZSPp8NgRFiY7phkv5mA8,BTC,ofac_sdn,OFAC-SDN,2026-09-18
32DaxSzUhLBHY2WGSWQYiBSHnRsfQZrrRp,BTC,ofac_sdn,OFAC-SDN,2026-09-18
3MTRvM5QrYZHKo8gh5qKcrPK3RLjxcDCZE,BTC,ofac_sdn,OFAC-SDN,2026-09-18
34pFGsSYbWEritXncW9unZtQQE9dKSvKku,BTC,ofac_sdn,OFAC-SDN,2026-09-18
38ncxqt932N9CcfNfYuHGZgCyR85hDkWBW,BTC,ofac_sdn,OFAC-SDN,2026-09-18
3F6bbvS1krsc1qR8FsbTDfYQyvkMm,BTC,ofac_sdn,OFAC-SDN,2026-09-18
1H939dom7i4WDLCKyGbXUp3fs9CSTNRzgL,BTC,ofac_sdn,OFAC-SDN,2026-09-18
bc1q3y5v2khlyvemcz042wl98dzflywr8ghglqws6s,BTC,ofac_sdn,OFAC-SDN,2026-09-18
bc1qx3e2axj3wsfn0ndtvlwmkghmmgm4583nqg8ngk,BTC,ofac_sdn,OFAC-SDN,2026-09-18
bc1qsxf77cvwcd6jv6j8d8j3uhh4g0xqw4meswmwuc,BTC,ofac_sdn,OFAC-SDN,2026-09-18
bc1q9lvynkfpaw330uhqmunzdz6gmafsvapv7y3zty,BTC,ofac_sdn,OFAC-SDN,2026-09-18
bc1qpaly5nm7pfka9v92d6qvl4fc2l9xzee8a6ys3s,BTC,ofac_sdn,OFAC-SDN,2026-09-18
bc1ql7dlyh8xz6tpqk92vztrhqh88dmjvcwrmsemrm,BTC,ofac_sdn,OFAC-SDN,2026-09-18
bc1q2lpgjntr348pfvxhfy33ehmdzy3gmx8w4052z6,BTC,ofac_sdn,OFAC-SDN,2026-09-18
0xc2a3829F459B3Edd87791c74cD45402BA0a20Be3,ETH,ofac_sdn,OFAC-SDN,2026-09-18
0x3AD9dB589d201A710Ed237c829c7860Ba86510Fc,ETH,ofac_sdn,OFAC-SDN,2026-09-18
TX5GV4DyfxNB3rPkzZJhmqZ1efVmL4rEqG,USDT,ofac_sdn,OFAC-SDN,2026-09-18
1DbvK8P6imBuLcwh2Vruis4xsUb8YAwJQF,BTC,ofac_sdn,OFAC-SDN,2026-09-18
1G6DuwDKNHiUWqks2Lgu44cesu7ffFbLK7,BTC,ofac_sdn,OFAC-SDN,2026-09-18
3AQSmMk5n3c6TKEg9B2WyzYAPm33gJJAA4,BTC,ofac_sdn,OFAC-SDN,2026-09-18
129zKFLoVad9JtxSmDKeJoLCsjhGR7b3vr,BTC,ofac_sdn,OFAC-SDN,2026-09-18
12YyR9EpvHxBjjKjTWqfKqeyoWnvcraxpW,BTC,ofac_sdn,OFAC-SDN,2026-09-18
1KctQENEX5QkQMpnMC3Zh9yRAzkMBLpPcr,BTC,ofac_sdn,OFAC-SDN,2026-09-18
3HqA7i3ttECLvgqvq69HNxxUP5BL7Z5YgA,BTC,ofac_sdn,OFAC-SDN,2026-09-18
1G9A8WRjGXdnYY4TNEVRrcaHsMtana4ncF,BTC,ofac_sdn,OFAC-SDN,2026-09-18
1Js6goCey2NaqPQptiLANLQGuk4d6mowjP,BTC,ofac_sdn,OFAC-SDN,2026-09-18
13RH4JaFhaCxDGPyYE9emjp2aDxdX18uBA,BTC,ofac_sdn,OFAC-SDN,2026-09-18
1FE2cuvkq8n5VGwj5hi8YYQxskwJpovPyV,BTC,ofac_sdn,OFAC-SDN,2026-09-18
1DJoEMvp95yJYWyxAZy8DDBzuvjnrTVrsN,BTC,ofac_sdn,OFAC-SDN,2026-09-18
1N6XqS,BTC,ofac_sdn,OFAC-SDN,2026-09-18
1LpYKb3SXZPve9hsH2QEJZFX279wJVGowi,BTC,ofac_sdn,OFAC-SDN,2026-09-18
15uqdxqNXQwVf5H7yZPz4TmEGeSccCwdor,BTC,ofac_sdn,OFAC-SDN,2026-09-18
1FjubFHV4mpYjBmvjsEhZssyiiA4TNmnm2,BTC,ofac_sdn,OFAC-SDN,2026-09-18
1LAh7PQwpd1uGiLHae5C5Xz9QXse3y2phq,BTC,ofac_sdn,OFAC-SDN,2026-09-18
15yqWQ4sqr7jzCwDtZ3U1KaCa8WMEy7Mm2,BTC,ofac_sdn,OFAC-SDN,2026-09-18
19GrL5jnUkGmHXVcraB1Etv5rXCANeLWpq,BTC,ofac_sdn,OFAC-SDN,2026-09-18
39NG2LcGRHXxSr1irpEVnJMw4ydL231sEn,BTC,ofac_sdn,OFAC-SDN,2026-09-18
3He6EyDaCUgmdr4GXqhxbeTQukaGLCByU2,BTC,ofac_sdn,OFAC-SDN,2026-09-18
12NpCkhddSNiDkD9rRYUCHsTT9ReMNiJjG,BTC,ofac_sdn,OFAC-SDN,2026-09-18
32jgFkZsTEjMFaBvxJnYvJEeTNKTmq5b32,BTC,ofac_sdn,OFAC-SDN,2026-09-18
1Hpj6qm9i7nMF3VkKfBFtjhEDpEjxHWvgv,BTC,ofac_sdn,OFAC-SDN,2026-09-18
bc1qfg4gfg0y6t6xjnpmlhuwx5k0wlw6nmfzxn2psc,BTC,ofac_sdn,OFAC-SDN,2026-09-18
0x39D908dac893CBCB53Cc86e0ECc369aA4DeF1A29,ETH,ofac_sdn,OFAC-SDN,2026-09-18
3PKiHs4GY4rFg8dpppNVPXGPqMX6K2cBML,BTC,ofac_sdn,OFAC-SDN,2026-09-18
1986rYHckYbJpGQJy6ornuMyD2N5MTqwDt,BTC,ofac_sdn,OFAC-SDN,2026-09-18
125W5ek3DT6Zqy5S2iPt4FHQdNMCbZA3FU,BTC,ofac_sdn,OFAC-SDN,2026-09-18
1Kc6egXevyLEaeTxLFA1Zyw7GuhCN8jQtt,BTC,ofac_sdn,OFAC-SDN,2026-09-18
12w6v1qAaBc4W8h8C2Cu5SKFaKDSv3erUW,BTC,ofac_sdn,OFAC-SDN,2026-09-18
1CPJak9ZyddbawMGJPyEhCiJLXXb4sYv8N,BTC,ofac_sdn,OFAC-SDN,2026-09-18
1DJoVLgn1foJHHngduRPJvRbwpaFEKxvxd,BTC,ofac_sdn,OFAC-SDN,2026-09-18
15kZobLkD6HZgEECtz4oS2Vz21XHTnNfSg,BTC,ofac_sdn,OFAC-SDN,2026-09-18
15qyVrZvvVGvB7GWiAZ82TNcZ6QWMKu3kx,BTC,ofac_sdn,OFAC-SDN,2026-09-18
12YCfVAEzkEZXBYhUTyJJaRkgMXiFxJgcu,BTC,ofac_sdn,OFAC-SDN,2026-09-18
1MkCnCa9agS5t6V1B15bzusBgYECB4LfWp,BTC,ofac_sdn,OFAC-SDN,2026-09-18
1NuBZQXJPyYQGfoBib8wWBDpZmbtkJa5Ba,BTC,ofac_sdn,OFAC-SDN,2026-09-18
14rjAD8ZP5xaL571cMRE98qgxxbg1S8mAN,BTC,ofac_sdn,OFAC-SDN,2026-09-18
18yWCu6agTxYqAerMxiz9sgHrK3ViezzGa,BTC,ofac_sdn,OFAC-SDN,2026-09-18
0x4f47bc496083c727c5fbe3ce9cdf2b0f6496270c,ETH,ofac_sdn,OFAC-SDN,2026-09-18
0xd04E33461FEA8302c5E1e13895b60cEe8AEfda7F,ETH,ofac_sdn,OFAC-SDN,2026-09-18
0x76EA76CA4Eb727f18956aB93445a94c5280412B9,ETH,ofac_sdn,OFAC-SDN,2026-09-18
0xFb3eFf152ea55D1BfA04Dbdd509A80fD7b72cdEB,ETH,ofac_sdn,OFAC-SDN,2026-09-18
0xFda1Ec4A6178d4916b001a065422D31EBE5F62FF,ETH,ofac_sdn,OFAC-SDN,2026-09-18
0x747AFB5c7A7fc34B547cD0FDEbf9b91759C5a52b,ETH,ofac_sdn,OFAC-SDN,2026-09-18
TPDLpXxPcaSsupEZ3yrVksmNkYP5SLeKxu,TRX,ofac_sdn,OFAC-SDN,2026-09-18
TGXE9dGWawjfd3xqFSho1h1bRbRv9wUGrF,TRX,ofac_sdn,OFAC-SDN,2026-09-18
TNTFhgFoKH4srBMiWbfrVFqP2AThSmdwf1,TRX,ofac_sdn,OFAC-SDN,2026-09-18
0x38735f03b30FbC022DdD06ABED01F0Ca823C6a94,USDT,ofac_sdn,OFAC-SDN,2026-09-18
1D6gG9iKEhPitTcWRJiniuj1jYM2hNeAfJ,BTC,ofac_sdn,OFAC-SDN,2026-09-18
1FCNgfZWpYMeYhy9t18AAkTBu8AsdoAc1Z,BTC,ofac_sdn,OFAC-SDN,2026-09-18
0x97b1043abd9e6fc31681635166d430a458d14f9c,ETH,ofac_sdn,OFAC-SDN,2026-09-18
0xb6f5ec1a0a9cd1526536d3f0426c429529471f40,ETH,ofac_sdn,OFAC-SDN,2026-09-18
bc1q4namcagg5wljs0u20z6h2sqgsq4q5lts8rt2rr,BTC,ofac_sdn,OFAC-SDN,2026-09-18
bc1qdpazd6smrkq5hmw6lupq98za2fqtgmq3azv3av,BTC,ofac_sdn,OFAC-SDN,2026-09-18
bc1qwz0l2ceddckwdy5rh6zyrm3x4ha6gn5f2da5zg,BTC,ofac_sdn,OFAC-SDN,2026-09-18
bc1qw8evftpgc8wsmkemd8yl5fg2husza5z802xaym,BTC,ofac_sdn,OFAC-SDN,2026-09-18
bc1qv4krhj2qmpd9qz9xj9nhvj99fq8s9xsw05d485,BTC,ofac_sdn,OFAC-SDN,2026-09-18
bc1qu5vngdtcx8nc9d68pq8nv7pzcjrswsy87s66gk,BTC,ofac_sdn,OFAC-SDN,2026-09-18
bc1qtsl3ufenrv3zgrgm9z8xarcx22x8mfztuartyn,BTC,ofac_sdn,OFAC-SDN,2026-09-18
bc1qtrrfhr0f3ufsrjxfv8a7p3yuqj0spe4cm6vaws,BTC,ofac_sdn,OFAC-SDN,2026-09-18
bc1qte9ret332gwrk6e7vqc87d807npzvdj5savg4h,BTC,ofac_sdn,OFAC-SDN,2026-09-18
bc1qtdupwe722vcc5e0vh94cgwfs0ep4gzwyfsf75q,BTC,ofac_sdn,OFAC-SDN,2026-09-18
bc1qnykkrlk67f9kdqvzyw2ndu3xmef5z2e52886yl,BTC,ofac_sdn,OFAC-SDN,2026-09-18
0x9c2bc757b66f24d60f016b6237f8cdd414a879fa,ETH,ofac_sdn,OFAC-SDN,2026-09-18
bc1qq7p0es3dv5hcynjjf40f2xjjr6qp5py47d2f6n847vduuq9gvnyq7y9ecd,BTC,ofac_sdn,OFAC-SDN,2026-09-18
1JHdQHkBZiim1cb4hyUh2PbzEbbg6z2TrF,BTC,ofac_sdn,OFAC-SDN,2026-09-18
TVacWx7F5wgMgn49L5frDf9KLgdYy8nPHL,USDT,ofac_sdn,OFAC-SDN,2026-09-18
0xdcbEfFBECcE100cCE9E4b153C4e15cB885643193,ETH,ofac_sdn,OFAC-SDN,2026-09-18
0x5f48c2a71b2cc96e3f0ccae4e39318ff0dc375b2,ETH,ofac_sdn,OFAC-SDN,2026-09-18
0x5a7a51bfb49f190e5a6060a5bc6052ac14a3b59f,ETH,ofac_sdn,OFAC-SDN,2026-09-18
0xed6e0a7e4ac94d976eebfb82ccf777a3c6bad921,ETH,ofac_sdn,OFAC-SDN,2026-09-18
0x797d7ae72ebddcdea2a346c1834e04d1f8df102b,ETH,ofac_sdn,OFAC-SDN,2026-09-18
0x931546D9e66836AbF687d2bc64B30407bAc8C568,ETH,ofac_sdn,OFAC-SDN,2026-09-18
0x43fa21d92141BA9db43052492E0DeEE5aa5f0A93,ETH,ofac_sdn,OFAC-SDN,2026-09-18
0x6be0ae71e6c41f2f9d0d1a3b8d0f75e6f6a0b46e,ETH,ofac_sdn,OFAC-SDN,2026-09-18
1Ljk8RNNabkZ9bfDYQBn98XfFozJhTjqcZ,BTC,ofac_sdn,OFAC-SDN,2026-09-18
3685sEusmTwZBiKJ4cgV73EAhpVD1nbgbe,BTC,ofac_sdn,OFAC-SDN,2026-09-18
39p8qWp1bkBNhi4vPpFTetKPtH7goqNDZf,BTC,ofac_sdn,OFAC-SDN,2026-09-18
TEFph7dZoUN5233cGEzF6XFwRpjPF8fQDS,USDT,ofac_sdn,OFAC-SDN,2026-09-18
TMGLqRQ4twjW8wJhVH1mQR7nUThpGHUsN3,USDT,ofac_sdn,OFAC-SDN,2026-09-18
3B7S6zrgxQVQUHTU8wstM23tB9afE7ojuX,BTC,ofac_sdn,OFAC-SDN,2026-09-18
0x530a64c0ce595026a4a556b703644228179e2d57,ETH,ofac_sdn,OFAC-SDN,2026-09-18
TEAqwfMhXLaomXhZ8KeMhx3njGmQEDnsUR,USDT,ofac_sdn,OFAC-SDN,2026-09-18
bc1qardcxz845jw83vgfvcmewhuxa0ag9gchjwmcfd,BTC,ofac_sdn,OFAC-SDN,2026-09-18
0x983a81ca6FB1e441266D2FbcB7D8E530AC2E05A2,ETH,ofac_sdn,OFAC-SDN,2026-09-18
3NNcbBcMZokPB2JC2dxYuZrpgcetvyGeJn,BTC,ofac_sdn,OFAC-SDN,2026-09-18
TMStbg5fgb4uTV7fK1gEYF9hKAzP3siPsG,TRX,ofac_sdn,OFAC-SDN,2026-09-18
38TftW1heYPqvKbiAhT4ttNBqkUPpooXad,BTC,ofac_sdn,OFAC-SDN,2026-09-18
bc1qkfqh5p2qsakseg5gnwen6zh5xf3elmku2xaup29mw3l0wnncy3es880dss,BTC,ofac_sdn,OFAC-SDN,2026-09-18
TTKnV2S1295UrPr7N67Tp9ykNL7xX2Z4Uj,TRX,ofac_sdn,OFAC-SDN,2026-09-18
3NU9zkD8CCVGVmYnNNSN7PbU9sSFQBm5UV,BTC,ofac_sdn,OFAC-SDN,2026-09-18
0x961c5be54a2ffc17cf4cb021d863c42dacd47fc1,ETH,ofac_sdn,OFAC-SDN,2026-09-18
TRBACioxdrdsYEZHvJWiUDZcMdBPpEe5Ub,TRX,ofac_sdn,OFAC-SDN,2026-09-18
1MLPqwaFFUBZePTjpR3nxRoK19Cv9mPCc7,BTC,ofac_sdn,OFAC-SDN,2026-09-18
3HePkztPU6UsdENxnyQHFrdZA6eVKeMtvz,BTC,ofac_sdn,OFAC-SDN,2026-09-18
TUCsTq7TofTCJRRoHk6RvhMoS2mJLm5Yzq,BTC,ofac_sdn,OFAC-SDN,2026-09-18
0xfac583c0cf07ea434052c49115a4682172ab6b4f,USDT,ofac_sdn,OFAC-SDN,2026-09-18
19D1iGzDr7FyAdiy3ZZdxMd6ttHj1kj6WW,BTC,ofac_sdn,OFAC-SDN,2026-09-18
3Q8H2ZWMtc4R1M3mkmhnTjCoYKTeCFigDP,BTC,ofac_sdn,OFAC-SDN,2026-09-18
0xE950DC316b836e4EeFb8308bf32Bf7C72a1358FF,ETH,ofac_sdn,OFAC-SDN,2026-09-18
0x21B8d56BDA776bbE68655A16895afd96F5534feD,ETH,ofac_sdn,OFAC-SDN,2026-09-18
TTgcTTNbNuFdbrhvbjMZVrdU5KALyzDaPw,USDT,ofac_sdn,OFAC-SDN,2026-09-18
TGJVc32ig2u8tQsYMLE7KXHT5NDQroaVNU,USDT,ofac_sdn,OFAC-SDN,2026-09-18
TXEsK1sEsKjZ1xtHitnyAAoqw3WLdYdRNW,USDT,ofac_sdn,OFAC-SDN,2026-09-18
TH96tFMn8KGiYSLiwcV3E2UiaJc8jmcbz3,USDT,ofac_sdn,OFAC-SDN,2026-09-18
0x175d44451403Edf28469dF03A9280c1197ADb92c,USDT,ofac_sdn,OFAC-SDN,2026-09-18
TC4VsFHJdZ66BdwobZxkudVZBVmQZgCP65,USDT,ofac_sdn,OFAC-SDN,2026-09-18
TQ5mpZPbQMSq2s1vSM3RJgiB1AsTsiTpFZ,USDT,ofac_sdn,OFAC-SDN,2026-09-18
TXEaKf4rT3rMoD3Vuqnuhwr6vLq6BL5t33,USDT,ofac_sdn,OFAC-SDN,2026-09-18
TGUPpmW2bAnMCLe5ih2CFisfCHk4gTFDsx,USDT,ofac_sdn,OFAC-SDN,2026-09-18
TDwN1Eq62bqvVhfGAjdRRJjE46jsi5KNMV,USDT,ofac_sdn,OFAC-SDN,2026-09-18
TM6Kix9wH8cYQ4rLpFifsQ4ddH3rPX3f8p,USDT,ofac_sdn,OFAC-SDN,2026-09-18
TDprk9jeYPVm6khkBp1u7fwuyJcEJFrPWD,USDT,ofac_sdn,OFAC-SDN,2026-09-18
TVn4q7L4fKEPbygi7UHq1CKfZxtbeuMV5q,USDT,ofac_sdn,OFAC-SDN,2026-09-18
18gaXypKj9M23S2zT9qZfL9iPbLFM372Q5,BTC,ofac_sdn,OFAC-SDN,2026-09-18
bc1q5jqgm7nvrhaw2rh2vk0dk8e4gg5g373g0vz07r,BTC,ofac_sdn,OFAC-SDN,2026-09-18
32pTjxTNi7snk8sodrgfmdKao3DEn1nVJM,BTC,ofac_sdn,OFAC-SDN,2026-09-18
15cRqR3TXS1JehBGWERuxFE8NhWZzfoeeU,BTC,ofac_sdn,OFAC-SDN,2026-09-18
1A7SKE2dQtezLktCY8peLsdAtkqxV9r1dC,BTC,ofac_sdn,OFAC-SDN,2026-09-18
bc1q8ew45w2agdffrnwp6adt2gqrc9n4mkev9ns29c,BTC,ofac_sdn,OFAC-SDN,2026-09-18
bc1qagp0gy58v8hqvw4p2wsphcxg067rrppp45hexr,BTC,ofac_sdn,OFAC-SDN,2026-09-18
bc1qn6segn8km4nfdp9vueu6msfjsaxaqgun9h60n9,BTC,ofac_sdn,OFAC-SDN,2026-09-18
bc1qx9upga7f09tsetqf78wa3qrmcjar58mkwz6ng6,BTC,ofac_sdn,OFAC-SDN,2026-09-18
0xf3701f445b6bdafedbca97d1e477357839e4120d,ETH,ofac_sdn,OFAC-SDN,2026-09-18
TWBAPzpPiZarfVsY2BLXeaLhNHurn4wkWG,USDT,ofac_sdn,OFAC-SDN,2026-09-18
13fhnkmpBBWXUQucJd6efWvXdEj78DKavk,BTC,ofac_sdn,OFAC-SDN,2026-09-18
0x19F8f2B0915Daa12a3f5C9CF01dF9E24D53794F7,ETH,ofac_sdn,OFAC-SDN,2026-09-18
TFdTr9C3BqQrzKBXqSxJfAZFTh8UwBAfSg,TRX,ofac_sdn,OFAC-SDN,2026-09-18
bc1qvhnfknw852ephxyc5hm4q520zmvf9maphetc9z,BTC,ofac_sdn,OFAC-SDN,2026-09-18
TLM3zA3EWycoDX4ZX4gKze7sgfbdkntTum,USDT,ofac_sdn,OFAC-SDN,2026-09-18
13JtX4h7G5ZuNK5mFudKGq9DHLvvMFuNuz,BTC,ofac_sdn,OFAC-SDN,2026-09-18
0x0931cA4D13BB4ba75D9B7132AB690265D749a5E7,ETH,ofac_sdn,OFAC-SDN,2026-09-18
M8yFL6SFC6TreATegTyuSYkDfDRbisdpT3,LTC,ofac_sdn,OFAC-SDN,2026-09-18
TTUDyVhhpCC1xJoPmWzdjLAzeoPwbSABdr,TRX,ofac_sdn,OFAC-SDN,2026-09-18
3NEcQKZ8RwL2eDNhmMPpZ4td9vPsQh9JwM,BTC,ofac_sdn,OFAC-SDN,2026-09-18
0x1999ef52700c34de7ec2b68a28aafb37db0c5ade,ETH,ofac_sdn,OFAC-SDN,2026-09-18
TDdbRFoBTEmE3qiR69Y6rKRSG1hoF65QaE,USDT,ofac_sdn,OFAC-SDN,2026-09-18
1M5N4sJ1NHb4fviLVZA5MZLKhLZqU4CPZz,BTC,ofac_sdn,OFAC-SDN,2026-09-18
1Gekw8ACSs37oXcc5XQHvoux3iKoVFtpF4,BTC,ofac_sdn,OFAC-SDN,2026-09-18
bc1q4yzd2rjmshm8ucrwy6dzj5rna20j0zlf8hf8vz,BTC,ofac_sdn,OFAC-SDN,2026-09-18
3FfRvC3kSo2SxiQe5e7SSuNdegwgq8iusL,BTC,ofac_sdn,OFAC-SDN,2026-09-18
bc1q3q2lz3cmt4u2f49ugxz5q34xrs0m2z4w2gmkp5,BTC,ofac_sdn,OFAC-SDN,2026-09-18
bc1qj2ffj6pepc80sfqpx2k2pd3q278q72dpqv2ens,BTC,ofac_sdn,OFAC-SDN,2026-09-18
bc1qjwr3rgww7a8ut7a4x8jqh3vswcue3xvp6dm7qe,BTC,ofac_sdn,OFAC-SDN,2026-09-18
bc1qvxlwpgcw260sc97a0u6dm0cjxv027clhd67fvx,BTC,ofac_sdn,OFAC-SDN,2026-09-18
bc1qwtswqzvaxl6lyw3keqqzwt8z937psta3wg9sjy,BTC,ofac_sdn,OFAC-SDN,2026-09-18
bc1qyqvyupkpl6tm60zdecef925y220ssjuagpxsm0,BTC,ofac_sdn,OFAC-SDN,2026-09-18
bc1q45cxufu7x6s5v9adzm9t38k80gwawse75xffwe,BTC,ofac_sdn,OFAC-SDN,2026-09-18
bc1qmzmx8res2fgzd2wttyvf2ajqqqtcnxxrgkqc2t,BTC,ofac_sdn,OFAC-SDN,2026-09-18
bc1qtnr3t28l,BTC,ofac_sdn,OFAC-SDN,2026-09-18
0xd5ED34b52AC4ab84d8FA8A231a3218bbF01Ed510,ETH,ofac_sdn,OFAC-SDN,2026-09-18
TNmRfnSUXZoWWzxcDDbf95eGQYXt1mJDt8,TRX,ofac_sdn,OFAC-SDN,2026-09-18
18dLDAWi8LmrHbEq3QzDJb9SLxCf4uimXB,BTC,ofac_sdn,OFAC-SDN,2026-09-18
TU4tDFRvcKhAZ1jdihojmBWZqvJhQCnJ4F,TRX,ofac_sdn,OFAC-SDN,2026-09-18
TEcuHDQthTmULe8fFLUccBPpjfXaTmJuuD,TRX,ofac_sdn,OFAC-SDN,2026-09-18
TL1k1U6SHohxBqb68kCodxHc9y2LXoDSep,TRX,ofac_sdn,OFAC-SDN,2026-09-18
TNZxGWCwvsHr6JxQxzoeDXV597Yf7Zb7nV,TRX,ofac_sdn,OFAC-SDN,2026-09-18
TC8axQvzJEVR3NKN6mZnJtGy7537GEmh38,TRX,ofac_sdn,OFAC-SDN,2026-09-18
TAYhjpL8pPs8T84FSM329nffQpc6jD8GBM,TRX,ofac_sdn,OFAC-SDN,2026-09-18
TMuCgBejD5RsNANZdjGtaM3YyKGNgDoy7N,TRX,ofac_sdn,OFAC-SDN,2026-09-18
TGckaiamj5NzaYx6Qp6Zu7kahuHArzUo99,TRX,ofac_sdn,OFAC-SDN,2026-09-18
0x12de548F79a50D2bd05481C8515C1eF5183666a9,ETH,ofac_sdn,OFAC-SDN,2026-09-18
TCFD8N3vM5b4Gr5f1kkajQsodRVNyyAq1d,TRX,ofac_sdn,OFAC-SDN,2026-09-18
1HmqvgSXUVES1jn4TQPzk9dxo1NE8wim2T,BTC,ofac_sdn,OFAC-SDN,2026-09-18
TDFtJtyLPgN3oWUoHh23oJox3T5V5nR11K,TRX,ofac_sdn,OFAC-SDN,2026-09-18
0xdb2720ebad55399117ddb4c4a4afd9a4ccada8fe,ETH,ofac_sdn,OFAC-SDN,2026-09-18
TSxAAo67VTDgKT537EVXxdogkJtk9c6ojz,TRX,ofac_sdn,OFAC-SDN,2026-09-18
0xe3d35f68383732649669aa990832e017340dbca5,ETH,ofac_sdn,OFAC-SDN,2026-09-18
0x532b77b33a040587e9fd1800088225f99b8b0e8a,ETH,ofac_sdn,OFAC-SDN,2026-09-18
TYDUutYN4YLKUPeT7TG27Yyqw6kNVLq9QZ,TRX,ofac_sdn,OFAC-SDN,2026-09-18
TRakpsE1mZjCUMNPyozR4BW2ZtJsF7ZWFN,TRX,ofac_sdn,OFAC-SDN,2026-09-18
TQ5H49Wz3K57zNHmuXVp6uLzFwitxviABs,TRX,ofac_sdn,OFAC-SDN,2026-09-18
bc1qeth6n6ryxexvkx34wnx3nuynun4474h3j0gkhw,BTC,ofac_sdn,OFAC-SDN,2026-09-18
bc1q2we5eqjj8je6lz9xwjattpc3pn4jejc5h0s70f,BTC,ofac_sdn,OFAC-SDN,2026-09-18
bc1qnujzvts45qka3cr2eqqw8ur3q6g6s0ze2wlk5m,BTC,ofac_sdn,OFAC-SDN,2026-09-18
bc1qw4fxztd5u3sl7vrcqwk2a8v5zh5dllvckx3tlt,BTC,ofac_sdn,OFAC-SDN,2026-09-18
3EynPFpoGTPxU9m5bPaEDEUxUanzh7vgQP,BTC,ofac_sdn,OFAC-SDN,2026-09-18
3FoD1f6Tfnq3s8MYHgJqFPWv9cUrtUdBSv,BTC,ofac_sdn,OFAC-SDN,2026-09-18
3MKXKqPXf6VxTLkVSXuDKzaTiZZaz5AmiK,BTC,ofac_sdn,OFAC-SDN,2026-09-18
386sPhHBbLidzPnoxUH74jiiYkHYtobefQ,BTC,ofac_sdn,OFAC-SDN,2026-09-18
35irs2AU6pVgenYbWvMRz22avDBLC9XMkd,BTC,ofac_sdn,OFAC-SDN,2026-09-18
36ia8qAE1k1PKQePdXENCm1YKLXxZyVnnc,BTC,ofac_sdn,OFAC-SDN,2026-09-18
374RguZDMNW5Zh5ouW3KhKDcrerKusmsuk,BTC,ofac_sdn,OFAC-SDN,2026-09-18
3CuqLrZWn5oCe6DR,BTC,ofac_sdn,OFAC-SDN,2026-09-18
TAoLw5yD5XUoHWeBZRSZ1ExK9HMv2CiPvP,TRX,ofac_sdn,OFAC-SDN,2026-09-18
TVNyvx2astt2AB1Us67ENjfMZeEXZeiuu6,TRX,ofac_sdn,OFAC-SDN,2026-09-18
TPJ1JNX98MJpHueBJeF5SVSg85z8mYg1P1,TRX,ofac_sdn,OFAC-SDN,2026-09-18
37fKFZQGMqdBkjSUub1jCDWGgSHwv9VxfZ,BTC,ofac_sdn,OFAC-SDN,2026-09-18
1JPqJ8sxLBvdHBqMqSFBmUkoh2vAuCUNvs,BTC,ofac_sdn,OFAC-SDN,2026-09-18
0x5d5b5dafecbf31bdb08bfd3edad4f2694372d0ef,ETH,ofac_sdn,OFAC-SDN,2026-09-18
0xc103b7dc095c904b92081eef0c1640081ec01c10,ETH,ofac_sdn,OFAC-SDN,2026-09-18
0xe1e4c5e5ed8f03ae61b581e2def126025f2b9401,ETH,ofac_sdn,OFAC-SDN,2026-09-18
TCu5onCzXuqxjvVzdB2tR4FLuF66d4yRqf,TRX,ofac_sdn,OFAC-SDN,2026-09-18
TBcLqqqyZjNj1ptuXFgj5H768NhNU5nDyn,TRX,ofac_sdn,OFAC-SDN,2026-09-18
42RLPACwZPx3vYYmxSueqsogfynBDqXK298EDsNoyoHi,SOL,ofac_sdn,OFAC-SDN,2026-09-18
TCA9vmjsYw9MtPKEwRBtGhKFRfr4CLxJAv,TRX,ofac_sdn,OFAC-SDN,2026-09-18
TGsNFrgWfbGN2gX25Wcf8oTejtxtQkvmEx,TRX,ofac_sdn,OFAC-SDN,2026-09-18
TASWbk6X1wiTku5TMmMQYqYFvshVEtfJy8,TRX,ofac_sdn,OFAC-SDN,2026-09-18
TTS9o5KkpGgH8cK9LofLmMAPYb5zfQvSNa,TRX,ofac_sdn,OFAC-SDN,2026-09-18
TCzq6m2zxnQkrZrf8cqYcK6bbXQYAfWYKC,TRX,ofac_sdn,OFAC-SDN,2026-09-18
TLvuvpfBKdxddxSsJefeiGCe9eVY8HUroE,TRX,ofac_sdn,OFAC-SDN,2026-09-18
TNuA5CQ6LB4jTHoNrjEeQZJmcmhQuHMbQ7,TRX,ofac_sdn,OFAC-SDN,2026-09-18
0xb637f84b66876ebf609c2a4208905f9ddac9d075,ETH,ofac_sdn,OFAC-SDN,2026-09-18
0x95584C303FCd48AF5c6B9873015f2AD0ca84EaE3,ETH,ofac_sdn,OFAC-SDN,2026-09-18
bc1qyy5pt5cx3zth8xlj92lq5y87dh8xv3nwgs4ncq,BTC,ofac_sdn,OFAC-SDN,2026-09-18
0xcB74874f1e06Fcf80A306e06e5379A44B488bA2D,ETH,ofac_sdn,OFAC-SDN,2026-09-18
0x0330070FD38Ec3bB94F58FA55D40368271E9e54A,ETH,ofac_sdn,OFAC-SDN,2026-09-18
0x9Be599d7867f5E1a2D7Ec6dB9710dF2b98A15573,ETH,ofac_sdn,OFAC-SDN,2026-09-18
TNrX2FwrHKoo4XACGkmSzqeK4pdnKYn6Z7,TRX,ofac_sdn,OFAC-SDN,2026-09-18
TEEYCuGDyeNkuDj4u6GQRXxXo3Nh29r2vP,TRX,ofac_sdn,OFAC-SDN,2026-09-18
TZB4NrX7k9ZsV6PRc1GigAztLL8WHpLvwP,TRX,ofac_sdn,OFAC-SDN,2026-09-18
TDe2UNAvuUnTbbDo7518eMe3TXN5qJW8Ft,TRX,ofac_sdn,OFAC-SDN,2026-09-18
bc1qf6zxs4lkp9umh6hf087mh70w0ymcyt8cunp58r,BTC,ofac_sdn,OFAC-SDN,2026-09-18
bc1qr2pwmvkpq5tc5um2g9uh34yyu6wepwx89rts70,BTC,ofac_sdn,OFAC-SDN,2026-09-18
bc1q4ktvxxhhvf8qhs9qkdsm9arcxfmmeex6rl7n50,BTC,ofac_sdn,OFAC-SDN,2026-09-18
0x4060cbf80734193f521a3cc6fd4e985df2825279,ETH,ofac_sdn,OFAC-SDN,2026-09-18
0x56de1527136f76a809e5b14ded6103eecd072ba7,ETH,ofac_sdn,OFAC-SDN,2026-09-18
1GXeCkFQq7SYo6B7wdLAPkkri6NFTFB7No,BTC,ofac_sdn,OFAC-SDN,2026-09-18
0x1b8579cf6ab12ea6b74ac5fa41f3829a3cb61e6e,ETH,ofac_sdn,OFAC-SDN,2026-09-18
1JGPiQGK78xTxAVoxA1MjK3Z15M84Rj6BL,BTC,ofac_sdn,OFAC-SDN,2026-09-18
0xeb507efa9ee692a4c774ad1de9f3cb26fc459da3,ETH,ofac_sdn,OFAC-SDN,2026-09-18
0xef85a6fafa5942a964dc618e94e230881d29ce2a,ETH,ofac_sdn,OFAC-SDN,2026-09-18
0x038989cbb1710c72b9920dc4fa529158f463e72c,ETH,ofac_sdn,OFAC-SDN,2026-09-18
0x14779CEC0B117d5194c750C55Ea1f42086631964,ETH,ofac_sdn,OFAC-SDN,2026-09-18
0x32dA24Ca413F3E7B53145D4737e172C3bdF81e3e,ETH,ofac_sdn,OFAC-SDN,2026-09-18
0xf2235d55b2950a0b1317469d72d07ae65b2e27cb,ETH,ofac_sdn,OFAC-SDN,2026-09-18
0x4F428c11Dc82388fa5136D636e613ad923Eb700B,ETH,ofac_sdn,OFAC-SDN,2026-09-18
0xaC4cC4B68ea24BbFAAC8fD127B67Ed445ACcCE22,ETH,ofac_sdn,OFAC-SDN,2026-09-18
TBXMiRqUp1XH1zLazWu8cWitMAScv4HsYq,TRX,ofac_sdn,OFAC-SDN,2026-09-18
TDFj8tYzfLDkwEMo4MJ2DfrbpMztuCCnan,TRX,ofac_sdn,OFAC-SDN,2026-09-18
bc1qdnr88f4d2yqunnc4mjsguezm6g3mlwe44z5dw8,BTC,ofac_sdn,OFAC-SDN,2026-09-18
bc1qr4ankqmvmrhce3ydvzse86dfx5s3zhehfr9tg9,BTC,ofac_sdn,OFAC-SDN,2026-09-18
0x2711d73d559f62f4f855ee21f38378f528e07985,ETH,ofac_sdn,OFAC-SDN,2026-09-18
ltc1qr8ntsedq8tv0svmxqhzvdcdl5k7kntdmnhwep7,LTC,ofac_sdn,OFAC-SDN,2026-09-18
TUuaxBAWfA5nmsqNfycxYrzEvz4a5GJMGY,TRX,ofac_sdn,OFAC-SDN,2026-09-18
1MTndG4K51RRMvkzyvguaHnQpiMLnxFGzM,BTC,ofac_sdn,OFAC-SDN,2026-09-18
1DfyWkiXVVqWfcSduj23qTDis9kb2qvRDa,BTC,ofac_sdn,OFAC-SDN,2026-09-18
0x1d19b52b54e7ef5ea1a4b40b616165e798eac9f8,ETH,ofac_sdn,OFAC-SDN,2026-09-18
0x2C7DcD774b33e10367F7d6385479e04F97d179dc,ETH,ofac_sdn,OFAC-SDN,2026-09-18
LcP1DumXkNJbBtSYD3XxAfsJ2nZR5hLdpM,LTC,ofac_sdn,OFAC-SDN,2026-09-18
LbPAqHvemZBv3pvAqiAtDnZ3U1t6EziaL1,LTC,ofac_sdn,OFAC-SDN,2026-09-18
t1LHesgnkapziGQCJtrfZWYXhyjfTVo1dvh,ZEC,ofac_sdn,OFAC-SDN,2026-09-18
XcuGqRfrR85zyDrzVr1gSL5RNjwwpbu2KS,DASH,ofac_sdn,OFAC-SDN,2026-09-18
XowUeMFa1FkEUnAHL78E5oqpezMfSB6xP1,DASH,ofac_sdn,OFAC-SDN,2026-09-18
TTLRNgLpz5H5tLPuNU4FViUs7zmmAtyvzW,TRX,ofac_sdn,OFAC-SDN,2026-09-18
TBFW9gF4oDX5cG44gS7AoxQeujScmm3z6h,TRX,ofac_sdn,OFAC-SDN,2026-09-18
DHzAVdEoL3PjGeLWNdEJwwMA1CeQ9J9Cpo,DOGE,ofac_sdn,OFAC-SDN,2026-09-18
DTqpKQ96rqkTvHcohQQd9BksmgRjasHgGo,DOGE,ofac_sdn,OFAC-SDN,2026-09-18
TPyE2oSoaysrXfLzwf9wetBVr9JudLwjtD,TRX,ofac_sdn,OFAC-SDN,2026-09-18
TVgUsVzA7mpFExP4zS7HHbtKti6UuBDuwZ,TRX,ofac_sdn,OFAC-SDN,2026-09-18
TLoG3vbjDgqmTD5bM7w9rMgA6ysaNReuRy,TRX,ofac_sdn,OFAC-SDN,2026-09-18
TAhHpxPRwo1Bmm1A9m51uZ31tcB7EPq7SY,TRX,ofac_sdn,OFAC-SDN,2026-09-18
TScXZTbDjjZ6a6jiC7dZjgCqfNo4vm7atV,TRX,ofac_sdn,OFAC-SDN,2026-09-18
TGr2i8ZQiiMRjP3mWyQUH2MQBfKu8GJNqm,TRX,ofac_sdn,OFAC-SDN,2026-09-18
THJUJFyTnrBWb1ijWav7qfRBrjUuKgP49Z,TRX,ofac_sdn,OFAC-SDN,2026-09-18
1G1V1b9s9uPsFCNL15ibZk44xsVygKsP2u,BTC,ofac_sdn,OFAC-SDN,2026-09-18
0xbb69e01921b17cd22080968bcc96ba6115da6062,ETH,ofac_sdn,OFAC-SDN,2026-09-18
bnb136ns6lfw4zs5hg4n85vdthaad7hq5m4gtkgf23,BNB,ofac_sdn,OFAC-SDN,2026-09-18
TTVJuXWCusAURrpNShiypauagEH1N4CrxV,TRX,ofac_sdn,OFAC-SDN,2026-09-18
15Zt2mKuQ5Qy6DEXfDcbtsEVneoGQQXrS4,BTC,ofac_sdn,OFAC-SDN,2026-09-18
1BUXxhcwzFukm9CUxnhag85sSXDkMRbXse,BTC,ofac_sdn,OFAC-SDN,2026-09-18
0x8d79c73daae8630c88de372ba8f57592fa987607,ETH,ofac_sdn,OFAC-SDN,2026-09-18
TPgxjjB6AJeMSQFngbUM6dMMxPHa9GEtYa,TRX,ofac_sdn,OFAC-SDN,2026-09-18
bc1qjzk63wwatq2f638psymq3qapn00aqgksyx56l3t8eg7zuuccwasq498khf,BTC,ofac_sdn,OFAC-SDN,2026-09-18
bc1qz654h5qcqzalv6ltpxsk4ksdcc3e20wkedqntgnarv3a0t2e2p7scr48pl,BTC,ofac_sdn,OFAC-SDN,2026-09-18
0xe05f529f5284d75624eba386cb716928c3b54a2a,ETH,ofac_sdn,OFAC-SDN,2026-09-18
0x6b69e2a7545c166417a80c61a77562052bffa9c5,ETH,ofac_sdn,OFAC-SDN,2026-09-18
TXN3hVukebhyYR31YPCYd7aJAvmUeXu1ab,TRX,ofac_sdn,OFAC-SDN,2026-09-18
6wjqWWra8ombzaw6VHrG5xpQ972jCYF6bbHiFCbWmr4U,SOL,ofac_sdn,OFAC-SDN,2026-09-18
TW5tokvhEfrb77z98Rc8HqbkzQJ6sxYtGX,TRX,ofac_sdn,OFAC-SDN,2026-09-18
TBKpozurdWLrbKkxtDqkveeq1dSB8Axj3V,TRX,ofac_sdn,OFAC-SDN,2026-09-18
TWqcMjV7Wq2RHe2CSiKQHpkn6A7B2AWUPe,TRX,ofac_sdn,OFAC-SDN,2026-09-18
TG83Fk56S2mycAUMYHZyZp9wMg6DCf4bUn,TRX,ofac_sdn,OFAC-SDN,2026-09-18
TYkE8VwX1SGHM3Q2CA29nka5U2F2khKAj5,TRX,ofac_sdn,OFAC-SDN,2026-09-18
TEECjwHqVG8sDmM3VtscjuCaRe5p351MU7,TRX,ofac_sdn,OFAC-SDN,2026-09-18
TDU61o35UEe5hdB3R16c116DrPSV4kiyKz,TRX,ofac_sdn,OFAC-SDN,2026-09-18
TKRNCETxbiMmyyMraCkgdXKdLr1ZkmKxV5,TRX,ofac_sdn,OFAC-SDN,2026-09-18
TTWRf2MD6zJ26bS4uKCNrcp84aAr7AmTjm,TRX,ofac_sdn,OFAC-SDN,2026-09-18
TYvjt4ZKfsipHjA52nzgjUjDBF622SLCih,TRX,ofac_sdn,OFAC-SDN,2026-09-18
TXHX2NUvcgft4zs6MkkUtdNVERPTavHDWN,TRX,ofac_sdn,OFAC-SDN,2026-09-18
TWPma8xH48AEN93x2krdukV9e1j6sPsBeS,TRX,ofac_sdn,OFAC-SDN,2026-09-18
TK3n8pGHvDTcK53mpfeDAMzdwjb22qvFU3,TRX,ofac_sdn,OFAC-SDN,2026-09-18
TJCBpxZ3yC7C7oegSRZMFxBcscmUVeSA36,USDT,ofac_sdn,OFAC-SDN,2026-09-18
0x002471b8A185f9980708d0eAEC5B289714F56f8d,ETH,eu_fsf,EU,2026-09-18
bc1qwtz3zv95x2flu4w26kgfepf529z50r2sqc5zml,BTC,eu_fsf,EU,2026-09-18
bc1qwxqxd25yk2dtw2ml04vxj9atq3huv4rdytf6vt,BTC,eu_fsf,EU,2026-09-18
3My1ffQr5qQzmq4aBFgRqwRYqfB5zPAt8t,BTC,eu_fsf,EU,2026-09-18
0x3051Ca7cB7f6C599fA2f27385AD75010cf0f2bbF,BSC,eu_fsf,EU,2026-09-18
TA1hsikRfsgGiW9nEBpT4tEXEySTNYLr2d,TRX,eu_fsf,EU,2026-09-18
TEcuHDQthTmULe8fFLUccBPpjfXaTmJuuD,TRX,eu_fsf,EU,2026-09-18
TC8axQvzJEVR3NKN6mZnJtGy7537GEmh38,TRX,eu_fsf,EU,2026-09-18
